[
    {
        "image": "https://global.unitednations.entermediadb.net/assets/mediadb/services/module/asset/downloads/preset/Libraries/Production+Library/23-11-2020-Oxford-COVID-vaccine-06.jpg/image1024x768.jpg",
        "title": "\u2018Real hope\u2019 surrounding COVID vaccines \u2018cannot be overstated\u2019 \u2013 WHO chief",
        "date": "23 November 2020",
        "link": "https://news.un.org/en/story/2020/11/1078372"
    },
    {
        "image": "https://global.unitednations.entermediadb.net/assets/mediadb/services/module/asset/downloads/preset/Libraries/Production+Library/23-11-2020-UNI362467-Supply-Venezuala.JPG/image1024x768.jpg",
        "title": "UNICEF planning \u2018mammoth operation\u2019 to deliver COVID-19 vaccines ",
        "date": "23 November 2020",
        "link": "https://news.un.org/en/story/2020/11/1078302"
    },
    {
        "image": "https://global.unitednations.entermediadb.net/assets/mediadb/services/module/asset/downloads/preset/assets/2016/09/25461/image1024x768.jpg",
        "title": "COVID cases surge amid growing threat from antimicrobial resistance \u2013 WHO chief\u00a0",
        "date": "20 November 2020",
        "link": "https://news.un.org/en/story/2020/11/1078232"
    },
    {
        "image": "https://global.unitednations.entermediadb.net/assets/mediadb/services/module/asset/downloads/preset/Libraries/Production+Library/19-11-2020_WHO_Inpatient.jpg/image1024x768.jpg",
        "title": " Remdesivir no COVID-19 silver bullet, says UN health agency ",
        "date": "19 November 2020",
        "link": "https://news.un.org/en/story/2020/11/1078112"
    },
    {
        "image": "https://global.unitednations.entermediadb.net/assets/mediadb/services/module/asset/downloads/preset/Libraries/Production+Library/18-11-2020-Nepal-toilets-01.jpg/image1024x768.jpg",
        "title": "In the face of ridicule: one woman\u2019s fight to bring sanitation to a Nepalese village",
        "date": "19 November 2020",
        "link": "https://news.un.org/en/story/2020/11/1078042"
    },
    {
        "image": "https://global.unitednations.entermediadb.net/assets/mediadb/services/module/asset/downloads/preset/Libraries/Production+Library/19-11-2020-UNICEF-UN0356193-Rwanda.jpg/image1024x768.jpg",
        "title": "Ensure safe and hygienic sanitation for all, UN urges, marking World Toilet Day ",
        "date": "19 November 2020",
        "link": "https://news.un.org/en/story/2020/11/1078032"
    },
    {
        "image": "https://global.unitednations.entermediadb.net/assets/mediadb/services/module/asset/downloads/preset/Libraries/Production+Library/19-11-2020-UNICEF-UNI322877-Turkey.jpg/image1024x768.jpg",
        "title": "Future of an entire generation at risk, as COVID-19 pandemic drags on ",
        "date": "19 November 2020",
        "link": "https://news.un.org/en/story/2020/11/1078022"
    },
    {
        "image": "https://global.unitednations.entermediadb.net/assets/mediadb/services/module/asset/downloads/preset/assets/2017/03/26806/image1024x768.jpg",
        "title": "Silent Pandemic: Overuse renders antimicrobials less effective \u2013 UN agriculture agency",
        "date": "18 November 2020",
        "link": "https://news.un.org/en/story/2020/11/1077972"
    },
    {
        "image": "https://global.unitednations.entermediadb.net/assets/mediadb/services/module/asset/downloads/preset/Libraries/Production+Library/UN0326757-V-TREMEAU.jpg/image1024x768.jpg",
        "title": "Latest Ebola outbreak in DR Congo is declared over, with lessons for COVID-19\u202f\u00a0",
        "date": "18 November 2020",
        "link": "https://news.un.org/en/story/2020/11/1077912"
    },
    {
        "image": "https://global.unitednations.entermediadb.net/assets/mediadb/services/module/asset/downloads/preset/Libraries/Production+Library/17-11-2020-Amina-Mohammed-Ghana-child.JPG/image1024x768.jpg",
        "title": "Persons living with disabilities \u2018have very special abilities\u2019, UN deputy chief tells young Ghanaians\u202f\u00a0",
        "date": "17 November 2020",
        "link": "https://news.un.org/en/story/2020/11/1077892"
    },
    {
        "image": "https://global.unitednations.entermediadb.net/assets/mediadb/services/module/asset/downloads/preset/Libraries/Production+Library/03-06-2020-UNFPA-Sudan.jpg/image1024x768.jpg",
        "title": "New partnership to boost maternal and newborn health in East and Southern Africa ",
        "date": "17 November 2020",
        "link": "https://news.un.org/en/story/2020/11/1077862"
    },
    {
        "image": "https://global.unitednations.entermediadb.net/assets/mediadb/services/module/asset/downloads/preset/Libraries/Production+Library/17-11-2020_UNICEF-I395252_Cambodia_sanitation.jpg/image1024x768.jpg",
        "title": "UN-backed fund to address crisis in global sanitation and hygiene ",
        "date": "17 November 2020",
        "link": "https://news.un.org/en/story/2020/11/1077812"
    },
    {
        "image": "https://global.unitednations.entermediadb.net/assets/mediadb/services/module/asset/downloads/preset/Libraries/Production+Library/16-11-2020_UNICEF-261438_Rwanda_HPV-vaccine.jpg/image1024x768.jpg",
        "title": "WHO rolls out plan to rid world of cervical cancer, saving millions of lives",
        "date": "17 November 2020",
        "link": "https://news.un.org/en/story/2020/11/1077752"
    },
    {
        "image": "https://global.unitednations.entermediadb.net/assets/mediadb/services/module/asset/downloads/preset/Libraries/Production+Library/09-11-2020-Pfizer-Vaccine-04.jpg/image1024x768.jpg",
        "title": "No time for complacency as COVID-19 cases surge: WHO chief ",
        "date": "16 November 2020",
        "link": "https://news.un.org/en/story/2020/11/1077722"
    },
    {
        "image": "https://global.unitednations.entermediadb.net/assets/mediadb/services/module/asset/downloads/preset/Libraries/Production+Library/13-11-2020_WHO_Diabetes2.jpg/image1024x768.jpg",
        "title": "Diabetes increasing COVID risks, showing need to strengthen health systems\u00a0",
        "date": "13 November 2020",
        "link": "https://news.un.org/en/story/2020/11/1077632"
    },
    {
        "image": "https://global.unitednations.entermediadb.net/assets/mediadb/services/module/asset/downloads/preset/Libraries/Production+Library/13-10-2020_UNICEF-I364302_Malawi.jpg/image1024x768.jpg",
        "title": "COVID-19: Consequences of \u2018chronic under-investment in public health\u2019 laid bare: Tedros",
        "date": "13 November 2020",
        "link": "https://news.un.org/en/story/2020/11/1077652"
    },
    {
        "image": "https://global.unitednations.entermediadb.net/assets/mediadb/services/module/asset/downloads/preset/Libraries/Production+Library/13-11-2020-polio-SS-UNI317172.jpg/image1024x768.jpg",
        "title": "South Sudan: \u2018No child anywhere should suffer from polio\u2019 \u2013 UN health agency",
        "date": "13 November 2020",
        "link": "https://news.un.org/en/story/2020/11/1077602"
    },
    {
        "image": "https://global.unitednations.entermediadb.net/assets/mediadb/services/module/asset/downloads/preset/Libraries/Production+Library/11-11-2020_UNICEF-I353181_Ethiopia_measles.jpg/image1024x768.jpg",
        "title": "Measles cases hit 23-year high last year, killing 200,000 as vaccination stalls, WHO says",
        "date": "12 November 2020",
        "link": "https://news.un.org/en/story/2020/11/1077482"
    },
    {
        "image": "https://global.unitednations.entermediadb.net/assets/mediadb/services/module/asset/downloads/preset/assets/2016/07/24893/image1024x768.jpg",
        "title": "Neglected tropical diseases: Countries endorse new targets to eradicate 20 killers",
        "date": "12 November 2020",
        "link": "https://news.un.org/en/story/2020/11/1077522"
    },
    {
        "image": "https://global.unitednations.entermediadb.net/assets/mediadb/services/module/asset/downloads/preset/Libraries/Production+Library/12-11-2020-WHO-Pneumonia-Day.jpg/image1024x768.jpg",
        "title": "\u2018Bring life to those fighting for breath\u2019, UNICEF urges on World Pneumonia Day\u00a0",
        "date": "12 November 2020",
        "link": "https://news.un.org/en/story/2020/11/1077512"
    },
    {
        "image": "https://global.unitednations.entermediadb.net/assets/mediadb/services/module/asset/downloads/preset/Libraries/Production+Library/09-11-2020_CDC_scientist_lab-test.jpg/image1024x768.jpg",
        "title": "Can \u2018Open Science\u2019 speed up the search for a COVID-19 vaccine? 5 things you need to know",
        "date": "10 November 2020",
        "link": "https://news.un.org/en/story/2020/11/1077162"
    },
    {
        "image": "https://global.unitednations.entermediadb.net/assets/mediadb/services/module/asset/downloads/preset/Libraries/Production+Library/09-11-2020-DSG-Buhari.jpg/image1024x768.jpg",
        "title": "Deputy UN chief conducts solidarity visit to West Africa and the Sahel ",
        "date": "9 November 2020",
        "link": "https://news.un.org/en/story/2020/11/1077262"
    },
    {
        "image": "https://global.unitednations.entermediadb.net/assets/mediadb/services/module/asset/downloads/preset/Libraries/Production+Library/06-10-2020-UNICEF-UNI347513-Palestine.jpg/image1024x768.jpg",
        "title": "Independent UN experts decry COVID vaccine hoarding: \u2018No one is secure until all of us are\u2019\u00a0\u00a0",
        "date": "9 November 2020",
        "link": "https://news.un.org/en/story/2020/11/1077192"
    },
    {
        "image": "https://global.unitednations.entermediadb.net/assets/mediadb/services/module/asset/downloads/preset/Libraries/Production+Library/18-05-2020-DominoPark-SocialDistancing.jpg/image1024x768.jpg",
        "title": "WHO\u2019s\u00a0Tedros\u00a0says it is time for the world to heal,\u00a0pushing back on \u2018misguided nationalism\u2019\u00a0",
        "date": "9 November 2020",
        "link": "https://news.un.org/en/story/2020/11/1077152"
    },
    {
        "image": "https://global.unitednations.entermediadb.net/assets/mediadb/services/module/asset/downloads/preset/Libraries/Production+Library/14-05-2020_UNICEF-I329153_Indonesia.jpg/image1024x768.jpg",
        "title": "World can save lives and \u2018end this pandemic, together\u2019 \u2013 WHO chief",
        "date": "6 November 2020",
        "link": "https://news.un.org/en/story/2020/11/1077072"
    },
    {
        "image": "https://global.unitednations.entermediadb.net/assets/mediadb/services/module/asset/downloads/preset/Libraries/Production+Library/06-11-2020-UNICEF-UNI315081-Immunization.jpg/image1024x768.jpg",
        "title": "\u2018Emergency action\u2019 needed to prevent major polio, measles epidemics ",
        "date": "6 November 2020",
        "link": "https://news.un.org/en/story/2020/11/1077012"
    },
    {
        "image": "https://global.unitednations.entermediadb.net/assets/mediadb/services/module/asset/downloads/preset/Libraries/Production+Library/05-11-2020-UNHCR-Burundi-refugee.jpg/image1024x768.jpg",
        "title": "FROM THE FIELD: coping with COVID in refugee camps ",
        "date": "6 November 2020",
        "link": "https://news.un.org/en/story/2020/11/1076962"
    },
    {
        "image": "https://global.unitednations.entermediadb.net/assets/mediadb/services/module/asset/downloads/preset/Libraries/Production+Library/23-09-2020_Oxford_covid-vaccine-09.jpg/image1024x768.jpg",
        "title": "Ahead of global health assembly, WHO stresses need for solidarity, preparation ",
        "date": "5 November 2020",
        "link": "https://news.un.org/en/story/2020/11/1076972"
    },
    {
        "image": "https://global.unitednations.entermediadb.net/assets/mediadb/services/module/asset/downloads/preset/Libraries/Production+Library/02-06-2020_UNICEF_Turkey.jpg/image1024x768.jpg",
        "title": "Protecting citizens from COVID while granting refugee access, can be done: UNHCR",
        "date": "4 November 2020",
        "link": "https://news.un.org/en/story/2020/11/1076892"
    },
    {
        "image": "https://global.unitednations.entermediadb.net/assets/mediadb/services/module/asset/downloads/preset/Libraries/Production+Library/03-11-2020_WorldBank_Mali-WomenBabies.jpg/image1024x768.jpg",
        "title": "Deputy UN chief pushes Security Council on global ceasefire, to fight \u2018common enemy\u2019",
        "date": "3 November 2020",
        "link": "https://news.un.org/en/story/2020/11/1076792"
    },
    {
        "image": "https://global.unitednations.entermediadb.net/assets/mediadb/services/module/asset/downloads/preset/Libraries/Production+Library/02-11-2020_UNICEF-UNI121371_AfghanistanGirl.jpg/image1024x768.jpg",
        "title": "Protect children and relief workers caught up in conflict, urges UN rights envoy",
        "date": "2 November 2020",
        "link": "https://news.un.org/en/story/2020/11/1076712"
    },
    {
        "image": "https://global.unitednations.entermediadb.net/assets/mediadb/services/module/asset/downloads/preset/Libraries/Production+Library/02-11-2020_WHO_MaskWearer.jpg/image1024x768.jpg",
        "title": "\u2018If we invest in health systems, we can bring this virus under control\u2019 \u2013 WHO chief",
        "date": "2 November 2020",
        "link": "https://news.un.org/en/story/2020/11/1076692"
    },
    {
        "image": "https://global.unitednations.entermediadb.net/assets/mediadb/services/module/asset/downloads/preset/Libraries/Production+Library/26-10-2020-Myanmar-COVID-02.jpg/image1024x768.jpg",
        "title": "First Person: supporting migrants on the COVID-19 frontline in Myanmar",
        "date": "1 November 2020",
        "link": "https://news.un.org/en/story/2020/11/1076212"
    },
    {
        "image": "https://global.unitednations.entermediadb.net/assets/mediadb/services/module/asset/downloads/preset/Libraries/Production+Library/27-05-2020-UN-Mexico-Andrea-Bernal.jpg/image1024x768.jpg",
        "title": "Long-term symptoms of COVID-19 \u2018really concerning\u2019, says WHO chief ",
        "date": "30 October 2020",
        "link": "https://news.un.org/en/story/2020/10/1076562"
    },
    {
        "image": "https://global.unitednations.entermediadb.net/assets/mediadb/services/module/asset/downloads/preset/Libraries/Production+Library/30-10-2020-WFP-Kenya.jpg/image1024x768.jpg",
        "title": "Kenya relief bid begins to avert \u2018hunger crisis\u2019 among poor workers hit by COVID\u00a0",
        "date": "30 October 2020",
        "link": "https://news.un.org/en/story/2020/10/1076542"
    },
    {
        "image": "https://global.unitednations.entermediadb.net/assets/mediadb/services/module/asset/downloads/preset/Libraries/Production+Library/10-09-2020_WHO_Thailand-01.jpg/image1024x768.jpg",
        "title": "UN agency chiefs appeal for\u00a0\u2018open science\u2019\u00a0beyond COVID-19, citing dangers of secrecy and denial\u00a0",
        "date": "27 October 2020",
        "link": "https://news.un.org/en/story/2020/10/1076292"
    },
    {
        "image": "https://global.unitednations.entermediadb.net/assets/mediadb/services/module/asset/downloads/preset/Libraries/Production+Library/27-10-2020-WFP-Yemen-Malnutrition.jpg/image1024x768.jpg",
        "title": "Yemeni children suffer record rates of acute malnutrition, putting \u2018entire generation\u2019 at risk\u00a0",
        "date": "27 October 2020",
        "link": "https://news.un.org/en/story/2020/10/1076272"
    },
    {
        "image": "https://global.unitednations.entermediadb.net/assets/mediadb/services/module/asset/downloads/preset/Libraries/Production+Library/26-10-20-IMF-COVID-London-Street.jpg/image1024x768.jpg",
        "title": "Catch-up, \u2018get ahead and stay ahead\u2019 of coronavirus, urges UN health agency chief",
        "date": "26 October 2020",
        "link": "https://news.un.org/en/story/2020/10/1076182"
    },
    {
        "image": "https://global.unitednations.entermediadb.net/assets/mediadb/services/module/asset/downloads/preset/Libraries/Production+Library/26-10-20-WMO-Africa-Climate-Drought.jpg/image1024x768.jpg",
        "title": "Africa climate change report reveals heat rising north and south, Sahel getting wetter",
        "date": "26 October 2020",
        "link": "https://news.un.org/en/story/2020/10/1076162"
    },
    {
        "image": "https://global.unitednations.entermediadb.net/assets/mediadb/services/module/asset/downloads/preset/Libraries/Production+Library/25-09-2020_IOM_Bangladesh_Rohingya-01.jpg/image1024x768.jpg",
        "title": "Science, unity and solidarity, key to defeating COVID: UN chief",
        "date": "25 October 2020",
        "link": "https://news.un.org/en/story/2020/10/1076092"
    },
    {
        "image": "https://global.unitednations.entermediadb.net/assets/mediadb/services/module/asset/downloads/preset/Collections/Embargoed/24-04-2020_UNICEF-I319135_Italy.jpg/image1024x768.jpg",
        "title": "\u2018Very tough\u2019 months ahead in COVID battle,\u00a0WHO helping scale up dwindling oxygen supplies",
        "date": "23 October 2020",
        "link": "https://news.un.org/en/story/2020/10/1076052"
    },
    {
        "image": "https://global.unitednations.entermediadb.net/assets/mediadb/services/module/asset/downloads/preset/Libraries/Production+Library/02-06-2020-OCHA-Venezuela-COVID-19-23.jpg/image1024x768.jpg",
        "title": "UN urges people to #PledgetoPause before sharing information online ",
        "date": "21 October 2020",
        "link": "https://news.un.org/en/story/2020/10/1075742"
    },
    {
        "image": "https://global.unitednations.entermediadb.net/assets/mediadb/services/module/asset/downloads/preset/Libraries/Production+Library/16-10-20-IMF-COVID-London-Soho.jpg/image1024x768.jpg",
        "title": "Focus on fundamentals as COVID-19 caseloads rise: WHO ",
        "date": "19 October 2020",
        "link": "https://news.un.org/en/story/2020/10/1075702"
    },
    {
        "image": "https://global.unitednations.entermediadb.net/assets/mediadb/services/module/asset/downloads/preset/Libraries/Production+Library/19-10-2020_UNICEF-149108_Bangladesh_syringe.jpg/image1024x768.jpg",
        "title": "COVID-19 vaccine: UNICEF to stockpile more than half a billion syringes by year\u2019s end",
        "date": "19 October 2020",
        "link": "https://news.un.org/en/story/2020/10/1075682"
    },
    {
        "image": "https://global.unitednations.entermediadb.net/assets/mediadb/services/module/asset/downloads/preset/Libraries/Production+Library/16-10-20-IMF-COVID-Rickshaw-Dhaka.jpg/image1024x768.jpg",
        "title": "COVID-19:\u00a0\u2018Little or no\u2019\u00a0benefit from\u00a0trials of\u00a0anti-virals, says\u00a0WHO\u00a0",
        "date": "16 October 2020",
        "link": "https://news.un.org/en/story/2020/10/1075562"
    },
    {
        "image": "https://global.unitednations.entermediadb.net/assets/mediadb/services/module/asset/downloads/preset/Libraries/Production+Library/15-10-2020-UNICEF-UNI345387-Ukraine.jpg/image1024x768.jpg",
        "title": "COVID-19 rise in Europe a great concern, says WHO regional chief",
        "date": "15 October 2020",
        "link": "https://news.un.org/en/story/2020/10/1075482"
    },
    {
        "image": "https://global.unitednations.entermediadb.net/assets/mediadb/services/module/asset/downloads/preset/Libraries/Production+Library/26-05-2020_UNICEF_Handwashing.jpg/image1024x768.jpg",
        "title": "Three billion people globally lack handwashing facilities at home: UNICEF",
        "date": "15 October 2020",
        "link": "https://news.un.org/en/story/2020/10/1075412"
    },
    {
        "image": "https://global.unitednations.entermediadb.net/assets/mediadb/services/module/asset/downloads/preset/Libraries/Production+Library/13-10-2020_UNICEF-I338877_India_TB.jpg/image1024x768.jpg",
        "title": "Progress against tuberculosis \u2018at risk\u2019: WHO ",
        "date": "14 October 2020",
        "link": "https://news.un.org/en/story/2020/10/1075352"
    },
    {
        "image": "https://global.unitednations.entermediadb.net/assets/mediadb/services/module/asset/downloads/preset/Libraries/Production+Library/13-10-2020_ILO_Philippines_market.jpg/image1024x768.jpg",
        "title": "\u2018Time for global solidarity\u2019 to overcome COVID\u2019s health, social and economic challenges",
        "date": "13 October 2020",
        "link": "https://news.un.org/en/story/2020/10/1075322"
    },
    {
        "image": "https://global.unitednations.entermediadb.net/assets/mediadb/services/module/asset/downloads/preset/Libraries/Production+Library/12-10-2020_WFP_Bangladesh_floods.jpg/image1024x768.jpg",
        "title": "Herd immunity, an \u2018unethical\u2019 COVID-19 strategy, Tedros warns policymakers",
        "date": "12 October 2020",
        "link": "https://news.un.org/en/story/2020/10/1075232"
    }
]